user_id,name,age,gender,location,signup_date,subscription_plan,device_type
1,Kerry Gull,21,Male,Texas,2018-09-22,Standard,Smartphone
2,Flem Lowdiane,55,Male,Louisiana,2022-01-20,Standard,Laptop
3,Eydie Terlinden,38,Female,California,2019-11-23,Basic,Smartphone
4,Othilie Newcom,41,Female,Florida,2018-01-15,Basic,Laptop
5,Egbert Lowthorpe,38,Male,Louisiana,2018-08-08,Basic,Smartphone
6,Melisa Haugh,18,Female,Texas,2021-12-02,Premium,Smartphone
7,Rosemarie Jerzykiewicz,29,Female,Texas,2017-10-05,Premium,Desktop
8,Janel Uzelli,34,Female,Florida,2021-04-26,Basic,Smartphone
9,Adelaide Blyth,30,Female,Texas,2018-04-28,Premium,Desktop
10,Mina Mila,26,Female,Missouri,2021-03-15,Premium,Desktop
11,Rodd Geertsen,57,Male,California,2018-05-09,Standard,Laptop
12,Justinian Klimt,21,Male,Florida,2018-06-19,Basic,Desktop
13,Britney Tudor,31,Female,Texas,2017-07-22,Premium,Laptop
14,Margaret Glashby,21,Female,Kentucky,2019-11-13,Basic,Smartphone
15,Nedi Harrowing,39,Female,Maryland,2019-12-01,Basic,Desktop
16,Anestassia Klees,56,Female,Kansas,2019-07-24,Standard,Tablet
17,Micah Nott,42,Male,Texas,2017-09-28,Standard,Smartphone
18,Hamid Imms,31,Male,Kansas,2019-08-10,Premium,Laptop
19,Briney Leicester,48,Female,Connecticut,2019-09-11,Premium,Smartphone
20,Johna Seaking,22,Female,District of Columbia,2019-05-06,Premium,Smartphone
21,Roselin Trevillion,25,Female,District of Columbia,2021-09-01,Premium,Laptop
22,Petey Capstack,41,Male,Oklahoma,2020-09-09,Basic,Laptop
23,Brady Kingsly,37,Male,Louisiana,2020-06-10,Premium,Desktop
24,Fransisco Danieli,28,Male,Minnesota,2019-02-19,Standard,Smartphone
25,Mar Edgerley,43,Male,Illinois,2017-12-27,Standard,Tablet
26,Corissa Whistance,59,Female,Louisiana,2020-10-08,Basic,Smartphone
27,Syd Klaas,25,Male,District of Columbia,2017-06-08,Premium,Desktop
28,Marcellina Rous,30,Female,North Carolina,2022-10-24,Standard,Desktop
29,Gaultiero Richards,21,Male,Nebraska,2020-11-03,Premium,Tablet
30,Anson Rogier,40,Male,Massachusetts,2019-05-12,Basic,Laptop
31,Luke Mulqueen,56,Male,California,2019-03-06,Basic,Desktop
32,Suellen Cardozo,53,Female,District of Columbia,2022-03-11,Basic,Desktop
33,Barde Keeltagh,39,Male,Indiana,2018-07-09,Basic,Laptop
34,Henriette Normanvill,23,Female,Texas,2017-04-22,Standard,Tablet
35,Hersh Pentecust,58,Male,District of Columbia,2019-08-28,Standard,Smartphone
36,Jacquie Cartmel,54,Female,California,2020-09-02,Basic,Smartphone
37,Nehemiah Yurocjhin,19,Male,Texas,2017-09-17,Premium,Laptop
38,Madalyn Howlin,30,Female,Mississippi,2021-08-25,Standard,Tablet
39,Gavan Levick,37,Male,New Jersey,2017-08-13,Basic,Laptop
40,Dean Vonasek,40,Male,Texas,2018-01-19,Basic,Desktop
41,Corabelle Alderson,21,Female,Colorado,2020-06-20,Premium,Laptop
42,Steffi Cafferty,44,Female,Mississippi,2023-02-26,Basic,Tablet
43,Flemming McAuslan,45,Male,Arizona,2018-07-23,Basic,Laptop
44,Gunter Padfield,42,Male,Pennsylvania,2017-04-22,Basic,Laptop
45,Paolina Fawcett,47,Female,Illinois,2021-11-26,Standard,Desktop
46,Godfry Bosdet,45,Male,North Carolina,2018-07-12,Premium,Laptop
47,Bridie Delph,43,Female,California,2021-08-18,Basic,Laptop
48,Tulley Lyttle,55,Male,Texas,2017-08-22,Basic,Tablet
49,Eben Huetson,53,Male,Massachusetts,2019-11-13,Basic,Smartphone
50,Yoshi Gozzard,48,Female,New Mexico,2017-10-21,Basic,Laptop
51,Arlen Bellino,55,Female,Missouri,2018-09-11,Standard,Laptop
52,Chip Hawtry,31,Male,Alabama,2020-10-07,Basic,Desktop
53,Gothart Cahillane,48,Male,New York,2019-06-04,Basic,Tablet
54,Winslow Lankester,29,Male,California,2017-08-21,Basic,Smartphone
55,Julienne Ross,42,Female,Wisconsin,2022-01-11,Premium,Tablet
56,Merwyn Striker,56,Male,West Virginia,2021-08-30,Basic,Laptop
57,Ches Rediers,59,Male,Texas,2019-11-11,Standard,Laptop
58,Patsy Izhakov,52,Male,Texas,2022-06-01,Premium,Tablet
59,Griz Kline,43,Male,Michigan,2021-01-08,Basic,Smartphone
60,Alexa Mourge,44,Female,West Virginia,2022-09-16,Premium,Laptop
61,Bogart Whymark,58,Male,Texas,2018-07-08,Standard,Desktop
62,Holt Edgehill,28,Male,Indiana,2018-07-28,Premium,Desktop
63,Hayward Cornewell,39,Male,Georgia,2022-05-18,Premium,Smartphone
64,Rois Turone,44,Female,North Carolina,2022-01-12,Standard,Desktop
65,Robby Bortoluzzi,50,Female,District of Columbia,2020-02-24,Premium,Desktop
66,Maire Yerborn,18,Female,New Jersey,2022-12-15,Standard,Smartphone
67,Riley Lawlor,50,Male,Colorado,2023-02-18,Basic,Laptop
68,Celestina Renison,51,Female,Texas,2018-08-08,Basic,Desktop
69,Morganica Bendell,39,Female,Missouri,2022-07-23,Standard,Desktop
70,Cecilia Plinck,32,Female,New York,2021-10-18,Premium,Tablet
71,Elspeth Pitson,23,Female,Ohio,2022-02-13,Basic,Desktop
72,Fowler Chasmor,28,Male,Washington,2021-01-16,Premium,Smartphone
73,Elyn Brettle,54,Female,Missouri,2018-10-23,Basic,Tablet
74,Bari Obern,47,Female,Virginia,2020-10-02,Standard,Desktop
75,Kendrick Skelly,39,Male,Florida,2021-11-13,Basic,Laptop
76,Shay Kopman,27,Male,New Jersey,2020-08-31,Basic,Smartphone
77,Garvey Maddaford,52,Male,South Carolina,2018-06-09,Standard,Desktop
78,Sherman Coppin,38,Male,Louisiana,2017-02-08,Premium,Laptop
79,Melloney Krause,34,Female,Ohio,2022-03-23,Premium,Desktop
80,Otho Tourle,19,Male,Florida,2020-05-08,Premium,Smartphone
81,Bil Dodell,54,Male,Arizona,2017-02-16,Basic,Smartphone
82,Casey Van der Hoeven,51,Male,Florida,2021-07-08,Standard,Laptop
83,Carce Beckingham,31,Male,New York,2022-01-23,Standard,Desktop
84,Mata Learmouth,57,Male,Nevada,2023-02-05,Standard,Desktop
85,Corrinne Tesyro,46,Female,Alabama,2020-10-27,Premium,Smartphone
86,Dreddy Petken,45,Female,Florida,2019-02-18,Premium,Smartphone
87,Burlie Braunston,57,Male,Ohio,2018-05-26,Premium,Smartphone
88,Tiffanie Grewes,53,Female,Texas,2022-04-25,Basic,Desktop
89,Lewes Widocks,58,Male,Hawaii,2021-05-04,Premium,Laptop
90,Janie Carbonell,48,Female,Kansas,2022-01-18,Premium,Desktop
91,Garrard Bucke,42,Male,Texas,2022-10-04,Basic,Laptop
92,Janek Fyrth,33,Male,Wisconsin,2019-12-30,Standard,Smartphone
93,Timothea Muriel,57,Female,Texas,2018-05-15,Basic,Desktop
94,Allister Drover,59,Male,California,2018-12-07,Standard,Tablet
95,Tonye Grant,38,Female,Pennsylvania,2021-04-12,Standard,Desktop
96,Gonzalo Burkwood,26,Male,Florida,2020-02-16,Basic,Laptop
97,Melisa Tuddall,20,Female,District of Columbia,2021-11-16,Premium,Smartphone
98,Violetta Kinworthy,49,Female,Pennsylvania,2019-11-19,Standard,Smartphone
99,Mahmud Penson,43,Male,Florida,2019-03-12,Standard,Tablet
100,Itch Tizzard,55,Male,Indiana,2017-08-21,Standard,Desktop
101,Lotta Pawley,32,Female,Texas,2022-05-04,Standard,Tablet
102,Ced Newall,40,Male,Texas,2018-06-04,Basic,Smartphone
103,Krisha Fowgies,48,Male,District of Columbia,2017-08-04,Basic,Desktop
104,Franzen Hamlett,29,Male,Alabama,2018-10-24,Premium,Smartphone
105,Prissie Sebring,50,Female,Texas,2018-05-30,Standard,Smartphone
106,Kizzee Shadrach,31,Female,Florida,2021-08-06,Basic,Smartphone
107,Annnora Skingle,22,Female,Kansas,2022-09-01,Standard,Tablet
108,Fredelia Batrop,24,Female,New York,2017-07-06,Standard,Tablet
109,Ganny Adrianello,30,Male,Kentucky,2022-07-25,Basic,Laptop
110,Oates Duly,21,Male,Oklahoma,2018-03-28,Premium,Smartphone
111,Charmion Widdup,26,Female,Massachusetts,2018-01-04,Basic,Laptop
112,Louisa Rizzardi,43,Female,Texas,2017-10-08,Premium,Desktop
113,Melania Trangmar,49,Female,Oregon,2020-08-20,Premium,Laptop
114,Berti Imbrey,31,Male,New Mexico,2017-12-06,Standard,Smartphone
115,Rennie Worsam,59,Female,Washington,2022-05-14,Basic,Desktop
116,Sibella D'Aubney,46,Female,Iowa,2019-06-04,Premium,Smartphone
117,Doretta Sotheron,55,Female,North Carolina,2021-02-13,Premium,Tablet
118,Adams Chicotti,19,Male,Ohio,2019-10-24,Premium,Desktop
119,Gabe Howchin,41,Male,Texas,2021-07-27,Basic,Desktop
120,Mufinella Belsey,26,Female,Georgia,2017-05-20,Basic,Smartphone
121,Viola Beyne,32,Female,California,2021-11-20,Premium,Desktop
122,Becca Levi,57,Female,California,2020-10-08,Standard,Laptop
123,Wynn Sinkins,45,Female,Virginia,2019-11-11,Basic,Tablet
124,Beryle Gebby,24,Female,Massachusetts,2018-09-25,Premium,Tablet
125,Delmore Sowerby,49,Male,California,2020-02-02,Basic,Desktop
126,Salomone Skirvin,54,Male,Michigan,2019-04-19,Standard,Tablet
127,Katey Presley,57,Female,Tennessee,2022-01-12,Premium,Smartphone
128,Asia Romaint,57,Female,Michigan,2019-02-04,Premium,Smartphone
129,Turner Prue,44,Male,Washington,2018-11-05,Basic,Tablet
130,Claudell Matussevich,22,Male,Texas,2017-02-19,Standard,Desktop
131,Ariel Settle,43,Female,Texas,2017-06-04,Basic,Desktop
132,Winnah McGeachy,34,Female,California,2017-03-25,Standard,Desktop
133,Noby Krug,20,Male,North Carolina,2022-07-03,Basic,Smartphone
134,Bone Willshee,50,Male,Florida,2018-03-23,Basic,Tablet
135,Erminie Devin,46,Female,Texas,2019-12-23,Premium,Smartphone
136,Georgie Towsie,20,Female,California,2018-06-11,Basic,Desktop
137,Harmon Tooze,51,Male,Kansas,2021-12-18,Basic,Desktop
138,Barnabas Fergie,20,Male,New Mexico,2022-04-25,Premium,Laptop
139,Willi Annand,33,Male,Oklahoma,2022-02-20,Standard,Tablet
140,Diego MacPake,21,Male,New York,2022-09-28,Basic,Desktop
141,Hartwell Townsend,33,Male,Washington,2021-06-21,Standard,Tablet
142,Robby Peschmann,40,Female,District of Columbia,2020-08-15,Basic,Laptop
143,Breanne Fazackerley,50,Female,Florida,2019-05-09,Standard,Tablet
144,Urbain Bulfoy,59,Male,Wisconsin,2022-12-11,Premium,Smartphone
145,Enrichetta Comford,43,Female,Iowa,2020-08-29,Standard,Tablet
146,Aveline Dyster,46,Female,Florida,2018-03-30,Premium,Smartphone
147,Tamiko Peert,18,Female,Virginia,2020-08-24,Premium,Tablet
148,Val Filippi,33,Female,Florida,2022-04-10,Basic,Smartphone
149,Cassi Sweed,33,Female,Wisconsin,2021-07-22,Basic,Tablet
150,Deva Comello,36,Female,Montana,2022-02-19,Basic,Laptop
151,Shaun Stenhouse,37,Male,Oklahoma,2018-04-06,Premium,Laptop
152,Cloris Durrand,57,Female,Florida,2017-07-20,Premium,Laptop
153,Rudie Luckie,51,Male,Louisiana,2019-06-12,Standard,Laptop
154,Ulises Tash,60,Male,Alabama,2021-06-10,Basic,Laptop
155,Garrik Espada,22,Male,California,2018-09-23,Standard,Smartphone
156,Abramo Melding,50,Male,Minnesota,2021-06-19,Standard,Smartphone
157,Geri Faltin,40,Male,Florida,2021-03-05,Premium,Smartphone
158,Michele World,46,Male,Washington,2019-03-15,Premium,Desktop
159,Morgun Farndon,46,Male,Virginia,2018-05-22,Premium,Smartphone
160,Boycey Bloggett,56,Male,West Virginia,2022-03-21,Premium,Desktop
161,Cornell Keemer,41,Male,West Virginia,2022-01-09,Basic,Tablet
162,Ebenezer Atwel,31,Male,Indiana,2021-04-22,Standard,Desktop
163,Karita MacIlwrick,58,Female,North Carolina,2023-03-13,Standard,Laptop
164,Kial Stiles,23,Female,Oklahoma,2021-05-03,Premium,Smartphone
165,Webb Eslinger,27,Male,Texas,2017-11-17,Premium,Tablet
166,Pepita Creaney,45,Female,Texas,2017-03-29,Standard,Desktop
167,Arlie Halls,42,Female,Texas,2018-01-03,Basic,Laptop
168,Keefer Adamski,43,Male,North Carolina,2019-08-05,Basic,Laptop
169,Ephrem Whieldon,23,Male,Washington,2020-07-20,Premium,Laptop
170,Lucais Sich,48,Male,Massachusetts,2021-06-07,Premium,Smartphone
171,Lina Ballchin,36,Female,Tennessee,2021-05-26,Basic,Tablet
172,Martie Keedy,59,Male,California,2021-06-26,Premium,Tablet
173,Karoline Antuoni,41,Female,Florida,2021-09-20,Standard,Smartphone
174,Paula Gaitskell,39,Female,Texas,2022-03-19,Standard,Desktop
175,Karie Orehead,43,Female,Connecticut,2018-03-13,Basic,Smartphone
176,Dorey Tweddle,60,Male,Illinois,2021-04-01,Basic,Tablet
177,Lonnie Northin,31,Male,New York,2017-05-01,Basic,Smartphone
178,Godfrey Beebis,23,Male,Oklahoma,2020-08-21,Standard,Laptop
179,Edik Jurn,47,Male,Texas,2021-03-30,Premium,Smartphone
180,Derwin Rosekilly,50,Male,Minnesota,2020-04-03,Standard,Laptop
181,Goraud Prin,29,Male,New York,2017-09-30,Basic,Laptop
182,Cybill Kirvell,41,Female,California,2021-01-16,Premium,Smartphone
183,Patsy Sale,51,Male,Florida,2021-07-10,Standard,Smartphone
184,Belle Addington,41,Female,Indiana,2023-03-05,Premium,Laptop
185,Reinaldos Matiasek,28,Male,Georgia,2019-10-11,Premium,Laptop
186,Dorris Arnaudet,33,Female,Illinois,2022-02-09,Premium,Laptop
187,Lodovico Spottiswoode,50,Male,Washington,2022-01-06,Premium,Laptop
188,Millard Whybrow,18,Male,Arizona,2022-05-19,Premium,Smartphone
189,Malory Bunten,48,Female,Indiana,2020-03-09,Basic,Desktop
190,Baily Hullot,23,Male,Florida,2019-01-03,Premium,Tablet
191,Kendal Gottschalk,54,Male,Alabama,2017-06-13,Premium,Laptop
192,Mimi Gilsthorpe,56,Female,Louisiana,2020-03-05,Basic,Tablet
193,Cory Scutchings,42,Female,Pennsylvania,2017-02-10,Basic,Desktop
194,Mara Bruty,58,Female,California,2021-09-23,Standard,Tablet
195,Roderich Guittet,49,Male,Louisiana,2022-05-21,Standard,Laptop
196,Curr McGookin,23,Male,Nevada,2022-02-07,Standard,Tablet
197,Shermy Ingley,53,Male,Georgia,2021-08-03,Premium,Tablet
198,Eustace Tebbitt,52,Male,California,2018-01-19,Premium,Smartphone
199,Amelie Felce,46,Female,California,2021-12-06,Basic,Smartphone
200,Quinton Brinded,49,Male,California,2022-08-15,Standard,Smartphone
201,Felipe Timmons,24,Male,Pennsylvania,2021-03-14,Premium,Tablet
202,Ford Francombe,46,Male,Georgia,2020-08-08,Basic,Smartphone
203,Maryrose Berkley,57,Female,Missouri,2017-02-08,Premium,Laptop
204,Reynold Pinder,44,Male,Ohio,2018-01-12,Premium,Laptop
205,Anthony McPaik,23,Male,Pennsylvania,2018-09-22,Basic,Laptop
206,Maynord Guerreau,49,Male,Utah,2021-04-10,Premium,Desktop
207,Dorolisa Kimmins,28,Female,District of Columbia,2017-08-08,Standard,Desktop
208,Trenna Stolberg,58,Female,Washington,2022-09-26,Basic,Laptop
209,Kennett Flay,26,Male,Virginia,2018-10-30,Premium,Tablet
210,Osmund Reboul,24,Male,Colorado,2022-10-17,Standard,Laptop
211,Boone Pierce,56,Male,Washington,2022-11-23,Basic,Smartphone
212,Marty Ettles,39,Female,California,2021-12-13,Standard,Desktop
213,Abraham Kinchin,59,Male,New York,2018-03-20,Premium,Tablet
214,Ebonee More,34,Female,Florida,2017-05-23,Standard,Smartphone
215,Jermain Crickmoor,26,Male,California,2020-09-03,Premium,Laptop
216,Jermain Swatten,47,Male,New York,2020-02-07,Premium,Desktop
217,Elias Parmeter,33,Male,District of Columbia,2019-08-05,Basic,Smartphone
218,Ursulina Gibard,36,Female,New York,2020-05-16,Basic,Desktop
219,Berry Chasier,39,Female,District of Columbia,2023-01-26,Basic,Tablet
220,Paxton Coogan,37,Male,Missouri,2022-08-21,Basic,Tablet
221,Emilia Wrightson,55,Female,California,2020-07-26,Premium,Smartphone
222,Verla McMurraya,58,Female,Washington,2018-05-07,Premium,Laptop
223,Violetta Renahan,48,Female,Tennessee,2021-02-10,Premium,Desktop
224,Courtney Blaxeland,25,Female,Texas,2022-05-16,Standard,Tablet
225,Hanson Millar,57,Male,Kansas,2019-09-12,Basic,Tablet
226,Swen Stert,54,Male,New York,2020-09-21,Basic,Smartphone
227,Chickie Mathison,49,Male,Michigan,2020-12-01,Basic,Laptop
228,Marlon Dunnett,49,Male,Wisconsin,2021-01-14,Premium,Laptop
229,Suzanne Everix,34,Female,Alabama,2020-10-24,Basic,Laptop
230,Adelaida Jephson,26,Female,Pennsylvania,2021-12-25,Premium,Smartphone
231,Sonnie Gwillyam,20,Female,Wisconsin,2020-11-29,Basic,Desktop
232,Gertruda Mocker,52,Female,California,2022-02-25,Premium,Smartphone
233,Bradford Sifflett,27,Male,Texas,2019-06-08,Basic,Tablet
234,Diana Choffin,47,Female,Pennsylvania,2017-09-05,Basic,Laptop
235,Karissa Andrus,27,Female,Florida,2018-01-03,Standard,Smartphone
236,Hilario Soares,48,Male,Utah,2020-11-29,Premium,Tablet
237,Tina Gawkes,40,Female,Florida,2020-05-18,Basic,Tablet
238,Merrill Ander,47,Female,Colorado,2018-01-16,Standard,Smartphone
239,Eberhard Elland,53,Male,Wisconsin,2019-07-06,Premium,Desktop
240,Mathilda Budibent,21,Female,Ohio,2019-08-04,Standard,Smartphone
241,Lyon Brimman,56,Male,Florida,2017-05-30,Basic,Smartphone
242,Win Pettett,24,Male,Louisiana,2018-05-02,Standard,Tablet
243,Isabelita Apple,32,Female,Texas,2020-07-29,Premium,Desktop
244,Darin Swanson,27,Male,Ohio,2020-12-26,Standard,Laptop
245,Livvie Truelock,35,Female,Louisiana,2023-02-06,Basic,Tablet
246,Aloin Christauffour,51,Male,California,2020-06-06,Standard,Smartphone
247,Courtnay Packham,48,Male,Colorado,2017-09-12,Premium,Smartphone
248,Ashley Antonioni,53,Female,North Carolina,2019-05-23,Basic,Desktop
249,Linnie Barajaz,40,Female,Virginia,2019-07-13,Standard,Smartphone
250,Margalit Jilkes,22,Female,Wisconsin,2022-12-25,Premium,Desktop
251,Roxy Eppson,21,Female,Colorado,2018-11-18,Basic,Laptop
252,Bondon Yoxall,56,Male,District of Columbia,2018-08-23,Standard,Smartphone
253,Torr Mapledoram,58,Male,Missouri,2018-01-19,Basic,Smartphone
254,Simone Eat,39,Male,Florida,2020-10-28,Basic,Desktop
255,Chandler Southby,42,Male,Louisiana,2021-10-24,Premium,Smartphone
256,Minette Romanin,32,Female,Colorado,2018-02-07,Premium,Laptop
257,Henka Headrick,44,Female,West Virginia,2021-12-26,Premium,Desktop
258,Karolina Lammert,27,Female,Florida,2018-06-25,Standard,Desktop
259,Nicolina Mikalski,37,Female,Massachusetts,2021-01-17,Basic,Desktop
260,Dru Grut,53,Female,Massachusetts,2018-08-12,Basic,Tablet
261,Erroll Seeviour,29,Male,Georgia,2022-04-07,Premium,Smartphone
262,Kasper Winterburn,38,Male,Nevada,2019-04-26,Premium,Desktop
263,Alisha Dudgeon,49,Female,Indiana,2021-11-20,Standard,Laptop
264,Koenraad Rodolf,19,Male,Kentucky,2019-07-24,Premium,Smartphone
265,Nananne McCrum,36,Female,North Carolina,2022-12-05,Standard,Desktop
266,Kathe Yakubowicz,40,Female,Texas,2020-12-21,Standard,Smartphone
267,Wendie Brundell,50,Female,Florida,2017-06-04,Basic,Laptop
268,Raddy Connue,35,Male,Illinois,2019-10-16,Standard,Laptop
269,Talbert Fanti,24,Male,Connecticut,2021-07-30,Basic,Desktop
270,Rich Formigli,34,Male,Florida,2017-04-25,Premium,Desktop
271,Caresse Yerborn,41,Female,Oklahoma,2019-08-20,Basic,Tablet
272,Carlota Shevlane,46,Female,Indiana,2020-01-05,Premium,Laptop
273,Care Nequest,24,Male,Utah,2021-07-01,Premium,Smartphone
274,Kyle Remon,51,Male,Massachusetts,2017-07-18,Premium,Laptop
275,Demeter Verdon,26,Female,Illinois,2019-07-16,Basic,Tablet
276,Job Dockery,51,Male,Arkansas,2017-10-17,Standard,Laptop
277,Clementina Possell,24,Female,Nevada,2021-06-11,Standard,Tablet
278,Jozef Mattaus,56,Male,Texas,2020-08-26,Basic,Desktop
279,Salomon O'Teague,27,Male,Nevada,2017-02-22,Premium,Desktop
280,Kermie Renvoys,38,Male,Arizona,2017-05-11,Standard,Laptop
281,Craig Jewsbury,56,Male,Colorado,2017-12-01,Standard,Tablet
282,Virgie Goroni,43,Female,Virginia,2021-05-25,Basic,Smartphone
283,Averell Beccera,46,Male,Kentucky,2021-06-20,Basic,Desktop
284,Allie Collop,46,Male,Minnesota,2022-10-09,Standard,Tablet
285,Ashley Beccero,38,Female,Tennessee,2019-04-22,Standard,Desktop
286,Sandy Moyse,58,Female,Florida,2020-05-24,Premium,Tablet
287,Lyell Bloodworthe,54,Male,Ohio,2021-08-05,Premium,Desktop
288,Morissa Haydn,33,Female,North Carolina,2019-12-03,Premium,Laptop
289,Newton Bubb,55,Male,Massachusetts,2022-03-12,Premium,Tablet
290,Faunie Kaysor,28,Female,Washington,2021-01-09,Basic,Smartphone
291,Adelice Denizet,37,Female,Washington,2018-10-01,Premium,Laptop
292,Kathy Bramsom,53,Female,California,2018-09-14,Basic,Tablet
293,Barbra Huban,49,Female,Wisconsin,2018-02-12,Standard,Tablet
294,Renae Jeaneau,46,Female,Texas,2020-01-26,Premium,Desktop
295,Harmony Truelove,57,Female,Arizona,2022-09-26,Basic,Laptop
296,Jsandye Finicj,27,Female,Virginia,2020-07-03,Premium,Laptop
297,Thedrick Pethybridge,47,Male,Kansas,2020-02-08,Standard,Smartphone
298,Vicky Cornelis,25,Female,California,2019-07-21,Basic,Laptop
299,Nicol Vittery,34,Male,Tennessee,2018-02-24,Basic,Desktop
300,Inna Forsdike,21,Female,California,2021-11-06,Standard,Laptop
301,Huntley Moyler,19,Male,Illinois,2018-10-31,Standard,Tablet
302,Donovan Hadlow,34,Male,Iowa,2021-05-11,Standard,Desktop
303,Brok Hammond,35,Male,Georgia,2019-09-22,Standard,Smartphone
304,Mordecai McKibbin,41,Male,Montana,2018-10-02,Basic,Tablet
305,Grenville Trewhitt,41,Male,Texas,2018-01-05,Premium,Desktop
306,Zackariah Ceney,34,Male,Washington,2023-01-17,Basic,Smartphone
307,Courtney Lawman,34,Female,Florida,2020-08-04,Premium,Desktop
308,Milt Coldwell,23,Male,South Carolina,2022-08-05,Premium,Tablet
309,Magdalene Bwy,26,Female,California,2019-11-14,Basic,Smartphone
310,Krystle Renard,23,Female,Washington,2020-11-12,Premium,Tablet
311,Vidovic Maltster,42,Male,Georgia,2017-08-10,Standard,Smartphone
312,Jedidiah Loxly,60,Male,Pennsylvania,2018-09-08,Standard,Smartphone
313,Marga Laherty,36,Female,California,2017-11-14,Premium,Desktop
314,Keary Halpine,37,Male,Florida,2018-06-27,Standard,Smartphone
315,Yehudi Joinsey,26,Male,Georgia,2020-10-17,Standard,Desktop
316,Valli Margrett,49,Female,Ohio,2018-03-16,Standard,Tablet
317,Basilio Ogborn,29,Male,Florida,2019-10-12,Premium,Tablet
318,Onfroi Caraher,26,Male,California,2019-05-28,Premium,Desktop
319,Dennie Allchin,60,Male,Kentucky,2017-03-08,Premium,Smartphone
320,Bronny Lynd,60,Male,Virginia,2019-11-13,Standard,Laptop
321,Roy Mosco,39,Male,New Hampshire,2022-07-30,Basic,Tablet
322,Jesselyn Snailham,23,Female,Florida,2018-06-13,Premium,Desktop
323,Hendrick Teasdale,55,Male,Virginia,2018-11-04,Standard,Desktop
324,Juana Viccars,33,Female,Texas,2018-11-30,Basic,Laptop
325,Kingston Sparry,34,Male,Massachusetts,2022-12-24,Basic,Smartphone
326,Pinchas Bartosiak,58,Male,Georgia,2021-08-09,Standard,Desktop
327,Silva Caunt,49,Female,Virginia,2021-11-27,Premium,Laptop
328,Kalle Wolfenden,59,Male,California,2017-02-22,Standard,Tablet
329,Ivonne Chatelet,59,Female,Michigan,2018-03-27,Basic,Laptop
330,Jane Littrik,58,Female,Ohio,2018-04-07,Basic,Laptop
331,Lenka Elsley,56,Female,New York,2020-10-14,Basic,Smartphone
332,Any Deignan,47,Male,Oklahoma,2021-01-04,Basic,Smartphone
333,Les Mousley,21,Male,Texas,2022-03-06,Basic,Smartphone
334,Boyd Heigl,24,Male,Pennsylvania,2017-12-19,Basic,Smartphone
335,Ree Masey,48,Female,Alabama,2020-10-12,Basic,Laptop
336,Hamlen Abbett,48,Male,California,2018-02-15,Premium,Desktop
337,Paquito Elington,37,Male,Louisiana,2020-11-02,Standard,Tablet
338,Caron Rouse,40,Female,Missouri,2022-08-19,Premium,Smartphone
339,Tremain Chastaing,42,Male,California,2019-09-05,Basic,Laptop
340,Prescott Adriano,43,Male,Florida,2021-12-09,Premium,Desktop
341,Bertie Schuelcke,40,Male,Tennessee,2018-12-26,Basic,Desktop
342,Borden Heppenspall,29,Male,Virginia,2020-02-04,Premium,Desktop
343,Lyndsey Sexstone,52,Female,Texas,2019-05-15,Basic,Laptop
344,Kaspar Badam,57,Male,Washington,2021-12-02,Standard,Tablet
345,Harv Denison,47,Male,Colorado,2021-10-03,Premium,Desktop
346,Rogers Smithers,49,Male,Alabama,2021-06-04,Standard,Tablet
347,Granger Clinton,23,Male,New York,2020-03-25,Premium,Tablet
348,Frasco Chevers,39,Male,Texas,2018-11-14,Premium,Smartphone
349,Gretal Rollin,36,Female,Michigan,2018-01-27,Basic,Desktop
350,Felike Skeermor,38,Male,Texas,2019-09-20,Premium,Laptop
351,Ozzie Snook,18,Male,Tennessee,2022-06-16,Basic,Tablet
352,Angela Benedicto,19,Female,Illinois,2021-10-12,Premium,Laptop
353,Lydon Blackmuir,50,Male,Nebraska,2020-02-24,Premium,Tablet
354,Callean Goodhall,38,Male,Massachusetts,2017-03-19,Basic,Tablet
355,Herc Duesberry,28,Male,Maryland,2018-11-25,Premium,Desktop
356,Trey Blaine,23,Male,California,2022-11-10,Premium,Laptop
357,Brannon Colley,54,Male,Tennessee,2018-07-27,Standard,Desktop
358,Aubry Francklin,20,Female,California,2017-05-29,Basic,Desktop
359,Debi Marrow,41,Female,California,2022-09-09,Premium,Desktop
360,Morey Amdohr,19,Male,Idaho,2022-07-21,Standard,Laptop
361,Miguela Connechie,53,Female,Texas,2018-09-01,Standard,Desktop
362,Thurstan Ben-Aharon,33,Male,North Carolina,2021-07-28,Basic,Desktop
363,Eberhard Haddy,51,Male,Pennsylvania,2019-07-06,Basic,Smartphone
364,Jessey Karpenko,59,Male,Washington,2018-12-04,Premium,Tablet
365,Klemens Hedden,37,Male,Maryland,2019-02-12,Premium,Smartphone
366,Raymond Able,29,Male,Alabama,2021-11-05,Premium,Desktop
367,Wilfred Arr,24,Male,Kentucky,2020-09-23,Basic,Desktop
368,Colby Dolton,37,Male,Florida,2018-07-18,Basic,Tablet
369,Adelle McCarrick,28,Female,District of Columbia,2023-01-19,Basic,Smartphone
370,Gradey Durtnel,36,Male,New York,2020-06-03,Standard,Smartphone
371,Emlen Ferraresi,31,Male,New York,2020-07-08,Premium,Tablet
372,Leone Golsby,24,Female,Texas,2017-05-12,Premium,Laptop
373,Ottilie McCrae,44,Female,Washington,2020-04-23,Basic,Tablet
374,Beatrice Mateescu,57,Female,District of Columbia,2021-08-05,Premium,Smartphone
375,Tome Bauser,25,Male,Washington,2021-03-12,Premium,Smartphone
376,Bebe Mitchell,20,Female,North Carolina,2017-03-11,Basic,Laptop
377,Kelsi O'Dreain,40,Female,Missouri,2020-12-16,Premium,Smartphone
378,Wiley Cloonan,55,Male,Ohio,2022-07-05,Basic,Tablet
379,Melina Lack,20,Female,West Virginia,2022-07-11,Basic,Tablet
380,Gerianne Enrique,55,Female,New York,2017-03-17,Standard,Smartphone
381,Bradney Zotto,27,Male,Texas,2018-05-08,Basic,Smartphone
382,Parnell Wittrington,55,Male,Texas,2022-08-07,Basic,Desktop
383,Israel Mercey,35,Male,North Carolina,2019-12-04,Premium,Laptop
384,Feliks Munson,53,Male,Connecticut,2022-02-24,Premium,Laptop
385,Dollie Mallam,55,Female,Texas,2020-02-24,Standard,Laptop
386,Son Carvilla,50,Male,New York,2018-04-30,Basic,Laptop
387,Ryun Nicholl,33,Male,Maryland,2020-11-02,Premium,Smartphone
388,Eleen McFarlane,32,Female,Florida,2017-04-05,Standard,Tablet
389,Garrett Phlippi,48,Male,Missouri,2017-09-12,Standard,Laptop
390,Silvano Graffin,60,Male,Tennessee,2017-06-21,Premium,Laptop
391,Marget Geharke,32,Female,Louisiana,2017-05-17,Premium,Laptop
392,Lawry Barlass,43,Male,New York,2018-06-10,Premium,Tablet
393,Hillyer Tanner,24,Male,Georgia,2018-09-10,Premium,Laptop
394,Eve Brookwell,30,Female,New York,2017-06-03,Premium,Desktop
395,Aindrea Lillegard,29,Female,North Carolina,2022-12-12,Basic,Laptop
396,Issie Davenall,56,Female,Florida,2022-01-31,Basic,Smartphone
397,Dorie Marsters,30,Male,Oklahoma,2019-06-26,Premium,Smartphone
398,Kali Menpes,21,Female,Kansas,2019-01-25,Basic,Laptop
399,Mickey Coate,28,Male,Texas,2019-02-20,Basic,Tablet
400,Kimmi Hillum,18,Female,Kentucky,2018-02-05,Standard,Desktop
401,Brewer Szwarc,58,Male,Florida,2021-03-02,Standard,Desktop
402,Karita Sartin,48,Female,Florida,2022-12-06,Premium,Desktop
403,Aura Bolin,24,Female,Colorado,2018-01-25,Basic,Desktop
404,Town Gabits,20,Male,District of Columbia,2018-09-27,Basic,Laptop
405,Janel Vearnals,32,Female,Kansas,2018-11-11,Standard,Laptop
406,Veriee Tummons,19,Female,Missouri,2022-09-11,Standard,Smartphone
407,Niles Balk,44,Male,Pennsylvania,2017-07-20,Standard,Laptop
408,Pedro Keaves,27,Male,Idaho,2021-11-03,Standard,Desktop
409,Pip Halsall,52,Male,Iowa,2020-02-08,Standard,Desktop
410,Eddy Gorries,27,Female,Florida,2020-05-29,Basic,Tablet
411,Gustav Spaight,32,Male,Tennessee,2021-01-10,Premium,Tablet
412,Tripp Tacker,53,Male,District of Columbia,2020-06-14,Standard,Tablet
413,Ferdinanda MacTerrelly,18,Female,New York,2018-02-05,Basic,Smartphone
414,Wanda Jovic,46,Female,Florida,2021-08-15,Premium,Smartphone
415,Vinnie Parry,25,Female,California,2017-03-08,Basic,Smartphone
416,Darcy Boyson,18,Male,Oklahoma,2019-04-08,Premium,Tablet
417,Helenelizabeth Josham,60,Female,Colorado,2023-02-08,Premium,Tablet
418,Othello Kidston,32,Male,Indiana,2022-06-23,Basic,Tablet
419,Alisha Safont,20,Female,Florida,2019-01-09,Standard,Laptop
420,Kylynn Ruit,28,Female,Alabama,2023-01-20,Basic,Laptop
421,Eustace Dugood,29,Male,Texas,2020-02-16,Standard,Desktop
422,Peter Leirmonth,42,Male,Washington,2020-08-20,Basic,Laptop
423,Cleve Linge,49,Male,Indiana,2018-03-29,Standard,Smartphone
424,Lorna Gobel,25,Female,Virginia,2022-07-20,Standard,Tablet
425,Christos Northridge,24,Male,California,2017-02-22,Basic,Tablet
426,Matthias D'Ambrosio,45,Male,California,2023-01-13,Premium,Laptop
427,Shelly Netting,39,Female,California,2017-06-02,Standard,Smartphone
428,Jacquenetta Colborn,56,Female,New Jersey,2022-07-06,Premium,Tablet
429,Buddie Kaesmans,35,Male,Florida,2019-09-13,Basic,Tablet
430,Sandor Francecione,35,Male,California,2021-10-19,Standard,Desktop
431,Jere Ingliss,32,Male,District of Columbia,2021-02-28,Basic,Tablet
432,Lorri Bernollet,60,Female,California,2018-02-27,Premium,Tablet
433,Stirling Momford,38,Male,Washington,2018-03-26,Basic,Laptop
434,Jarred Chiommienti,51,Male,New York,2017-07-25,Premium,Tablet
435,Sheila-kathryn Kippax,59,Female,California,2020-11-12,Standard,Smartphone
436,Dru Theodoris,25,Female,New York,2021-09-17,Standard,Tablet
437,Jeth Terbrugge,32,Male,District of Columbia,2018-09-11,Standard,Smartphone
438,Nap Breche,27,Male,Iowa,2021-11-04,Premium,Desktop
439,Aurora Haddy,33,Female,California,2017-07-27,Standard,Tablet
440,Carr Favey,27,Male,California,2023-03-08,Standard,Laptop
441,Karalynn Arthan,18,Female,Virginia,2019-03-11,Premium,Smartphone
442,Courtney Boynes,57,Female,District of Columbia,2018-04-23,Basic,Desktop
443,Svend Keetch,54,Male,Florida,2021-05-05,Premium,Smartphone
444,Brent Phipps,35,Male,Nevada,2018-03-04,Premium,Desktop
445,Cart Halbard,23,Male,Florida,2020-02-12,Basic,Smartphone
446,Lorie Peeke-Vout,52,Female,Oregon,2017-12-11,Premium,Laptop
447,Brig Varey,28,Male,District of Columbia,2021-01-20,Standard,Desktop
448,Marline MacAllan,23,Female,Ohio,2018-08-22,Premium,Laptop
449,Marita Finders,41,Female,Iowa,2017-08-26,Standard,Smartphone
450,Olivia Overton,21,Female,Nevada,2017-12-10,Standard,Desktop
451,Barrie Corryer,20,Female,Connecticut,2017-11-10,Premium,Laptop
452,Leela Gask,59,Female,New York,2017-10-05,Premium,Desktop
453,Candide Fontell,47,Female,Indiana,2021-11-26,Basic,Laptop
454,Cazzie Huard,53,Male,Oklahoma,2018-07-02,Premium,Tablet
455,Errol Phillcock,55,Male,California,2019-05-20,Standard,Tablet
456,Alaine Crossby,41,Female,Ohio,2019-05-05,Standard,Tablet
457,Obidiah Bielby,22,Male,Georgia,2017-11-09,Basic,Desktop
458,Torre Cadany,37,Male,California,2020-06-05,Premium,Desktop
459,Duff Gertray,44,Male,Kentucky,2019-01-10,Standard,Tablet
460,Carol MacKowle,19,Female,Illinois,2020-09-12,Premium,Smartphone
461,Marijn Burland,49,Male,Illinois,2020-12-14,Premium,Desktop
462,Berenice Seebert,59,Female,New Mexico,2018-09-23,Standard,Smartphone
463,Fields Ondricek,60,Male,Texas,2020-01-21,Premium,Laptop
464,Bennie Abreheart,41,Male,Alabama,2022-12-09,Standard,Desktop
465,Henry Noddings,33,Male,Oregon,2022-12-18,Basic,Laptop
466,Lianne Hardwin,50,Female,Arizona,2017-04-14,Standard,Tablet
467,Garv Firks,35,Male,Virginia,2017-05-07,Standard,Smartphone
468,Gretta Francescozzi,26,Female,Maryland,2022-05-25,Standard,Smartphone
469,Harvey Bidder,33,Male,Indiana,2018-01-10,Premium,Smartphone
470,Algernon Disbrow,29,Male,Arizona,2017-04-12,Basic,Desktop
471,Byron Elwyn,49,Male,North Carolina,2017-09-28,Standard,Desktop
472,Hadley Glassard,57,Male,Michigan,2021-12-24,Premium,Tablet
473,Adan Skyrme,44,Male,California,2020-04-24,Premium,Smartphone
474,Niki Lacey,59,Male,Florida,2021-08-02,Basic,Laptop
475,Monte Lermit,43,Male,California,2021-04-27,Basic,Laptop
476,Carla Leachman,21,Female,California,2019-01-15,Standard,Smartphone
477,Sonya Tromans,30,Female,Minnesota,2020-02-15,Standard,Laptop
478,Lari MacCrachen,56,Female,Georgia,2018-10-19,Standard,Laptop
479,Lisetta Beaglehole,21,Female,Alabama,2020-06-04,Premium,Desktop
480,Stanley Kreutzer,47,Male,Louisiana,2021-02-13,Basic,Tablet
481,Nari Codman,41,Female,West Virginia,2021-04-13,Standard,Tablet
482,Garnette Ruggier,21,Female,Virginia,2020-10-18,Basic,Laptop
483,Moshe Biddell,37,Male,California,2017-02-08,Premium,Laptop
484,Brendon Mabbot,22,Male,Illinois,2020-06-15,Standard,Tablet
485,Tadeas Brinicombe,36,Male,Texas,2022-09-09,Standard,Laptop
486,Addison Girkins,19,Male,Texas,2021-08-14,Standard,Tablet
487,Gerianna Tolumello,28,Female,Texas,2017-03-08,Standard,Desktop
488,Ariana Cometto,55,Female,Texas,2017-08-19,Basic,Desktop
489,Gerik Whetnell,39,Male,Alabama,2022-10-29,Premium,Smartphone
490,Lory Warrillow,46,Female,New York,2021-02-14,Basic,Laptop
491,Paddie Skilbeck,43,Male,District of Columbia,2020-03-10,Premium,Smartphone
492,Dorrie Eickhoff,44,Female,California,2018-12-22,Basic,Laptop
493,Doretta Alliband,44,Female,Pennsylvania,2017-09-14,Basic,Smartphone
494,Silvano Rhubottom,54,Male,Alabama,2018-12-04,Premium,Tablet
495,Adair Dachey,24,Male,Hawaii,2023-02-25,Standard,Tablet
496,Eward Rosini,49,Male,Ohio,2022-02-03,Basic,Tablet
497,Obadiah Castellanos,36,Male,Texas,2018-05-08,Basic,Tablet
498,Baryram Woolrich,46,Male,Washington,2018-01-30,Premium,Desktop
499,Seth Lilion,34,Male,California,2017-10-09,Standard,Smartphone
500,Anjela Linfield,45,Female,Oklahoma,2020-11-02,Standard,Tablet
501,Demetrius Enston,55,Male,Montana,2019-02-04,Premium,Laptop
502,Lane Swindley,36,Male,Florida,2020-03-14,Premium,Desktop
503,Pearle Kliche,27,Female,Texas,2021-09-11,Standard,Smartphone
504,Caril Shelmardine,20,Female,California,2019-08-24,Premium,Smartphone
505,Cordie Paal,60,Male,California,2018-01-03,Premium,Desktop
506,Alvin Dungee,31,Male,Nevada,2021-07-06,Basic,Tablet
507,Koral Gryglewski,33,Female,Texas,2018-05-15,Standard,Laptop
508,Jermain Havelin,30,Male,Texas,2017-09-07,Basic,Desktop
509,Evan Davers,58,Male,Texas,2020-12-07,Standard,Smartphone
510,Adam Bowe,32,Male,New York,2018-02-05,Premium,Desktop
511,Elston Trazzi,50,Male,Alabama,2018-03-07,Premium,Tablet
512,Bidget Noblet,58,Female,Illinois,2022-06-12,Basic,Smartphone
513,Petrina Whimpenny,58,Female,New York,2020-12-18,Basic,Tablet
514,Devan Percifer,54,Female,Florida,2021-09-11,Standard,Laptop
515,Marti Huggins,54,Female,California,2017-09-05,Standard,Laptop
516,Elliot Trippitt,29,Male,District of Columbia,2021-01-30,Basic,Desktop
517,Marylou Cawsey,55,Female,Nebraska,2018-10-13,Premium,Smartphone
518,Hadley Skitt,56,Male,Arizona,2019-09-12,Basic,Laptop
519,Loretta Alberti,50,Female,Ohio,2019-09-04,Premium,Laptop
520,Gunther Dumphries,22,Male,South Carolina,2022-04-10,Basic,Laptop
521,Towny Winser,29,Male,California,2021-06-30,Basic,Tablet
522,Minerva Iacivelli,57,Female,District of Columbia,2019-01-26,Standard,Smartphone
523,Hillyer Valde,45,Male,Oklahoma,2020-06-03,Standard,Tablet
524,Babette Bohlin,31,Female,Texas,2019-10-14,Standard,Desktop
525,Finn Piercy,19,Male,Mississippi,2020-05-08,Standard,Smartphone
526,Hedda Jurewicz,19,Female,Washington,2018-09-28,Basic,Smartphone
527,Elvina Billson,44,Female,Ohio,2020-02-15,Basic,Laptop
528,Alla Collard,57,Female,South Carolina,2018-11-20,Standard,Smartphone
529,Marsiella Wetherald,46,Female,Montana,2022-11-22,Standard,Smartphone
530,Stevie McMickan,54,Male,Kansas,2017-11-03,Premium,Laptop
531,Theodor Macklin,36,Male,California,2018-11-28,Premium,Laptop
532,Sondra Yarrall,47,Female,Georgia,2021-11-08,Standard,Tablet
533,Judye Blaszkiewicz,24,Female,Michigan,2017-03-29,Basic,Laptop
534,Billie Felgat,41,Male,Texas,2018-12-06,Premium,Tablet
535,Sarajane Kauffman,31,Female,Nebraska,2019-07-14,Basic,Laptop
536,Teodora Maggiori,45,Female,Kansas,2021-05-31,Standard,Tablet
537,Crystal Gooderick,55,Female,District of Columbia,2017-08-23,Basic,Tablet
538,Drusy Mattam,32,Female,Virginia,2020-01-20,Standard,Desktop
539,Cristiano Davis,47,Male,District of Columbia,2022-10-19,Premium,Desktop
540,Graeme Eyton,37,Male,Nevada,2023-02-26,Premium,Tablet
541,Rhody Bentson,53,Female,North Carolina,2017-12-26,Basic,Smartphone
542,Rikki Hurtic,20,Male,Texas,2022-11-08,Basic,Smartphone
543,Donnie Skyrme,39,Male,Pennsylvania,2022-09-04,Basic,Laptop
544,Nadean Mallindine,42,Female,Florida,2017-06-16,Premium,Desktop
545,Merrel Germaine,20,Male,New Mexico,2020-08-23,Basic,Desktop
546,Willem Beurich,44,Male,Minnesota,2018-09-18,Basic,Smartphone
547,Winnifred Ivkovic,28,Female,Kentucky,2018-09-28,Standard,Tablet
548,Erhart Glyn,51,Male,Washington,2018-12-20,Standard,Smartphone
549,Guthrey Scogin,49,Male,New York,2020-12-16,Standard,Desktop
550,Shurlock Cirlos,59,Male,Indiana,2021-05-27,Basic,Tablet
551,Bev Romeuf,39,Female,Utah,2018-02-28,Premium,Smartphone
552,Larry Crippes,54,Male,California,2022-05-15,Basic,Desktop
553,Rustin Humphery,43,Male,Texas,2017-06-09,Standard,Laptop
554,Jo-anne Dumblton,47,Female,New York,2020-01-11,Premium,Smartphone
555,Izak Starford,24,Male,New Jersey,2018-04-07,Standard,Tablet
556,Tobey Gowthorpe,28,Female,Michigan,2017-04-18,Premium,Smartphone
557,Wadsworth Jacobs,43,Male,North Carolina,2021-04-11,Standard,Desktop
558,Ram Arpe,43,Male,Ohio,2017-10-26,Premium,Laptop
559,Immanuel Bywaters,23,Male,Washington,2022-06-29,Basic,Smartphone
560,Antoni Moffat,24,Male,Washington,2021-05-16,Premium,Tablet
561,Emerson Docherty,18,Male,New York,2022-10-30,Premium,Desktop
562,Oralle Solesbury,55,Female,Florida,2021-06-19,Premium,Desktop
563,Frances Peterken,49,Female,Georgia,2017-04-23,Basic,Desktop
564,Maje Cowerd,45,Male,Texas,2022-11-22,Standard,Tablet
565,Waylen Mainston,21,Male,Georgia,2020-10-19,Standard,Laptop
566,Grantham Gingel,50,Male,New York,2019-03-16,Standard,Smartphone
567,Lillian Moulder,52,Female,California,2021-08-26,Standard,Desktop
568,Mickie Greer,53,Male,Florida,2021-09-11,Standard,Laptop
569,Randall Saberton,38,Male,Virginia,2021-12-22,Premium,Tablet
570,Michelina Venables,44,Female,Georgia,2021-04-18,Basic,Desktop
571,Cinnamon Carlon,36,Female,Louisiana,2021-01-29,Premium,Laptop
572,Kissie Barbey,58,Female,Mississippi,2019-04-27,Basic,Desktop
573,Tedmund Flawith,29,Male,California,2019-07-22,Premium,Tablet
574,Salomone Dowrey,25,Male,Florida,2021-04-26,Basic,Laptop
575,Fernando Tither,59,Male,Illinois,2020-04-04,Standard,Desktop
576,Cleo Lowndsborough,25,Female,South Carolina,2017-12-09,Standard,Laptop
577,Vonny Daniel,30,Female,Missouri,2017-05-01,Premium,Smartphone
578,Neely Caesman,30,Female,Mississippi,2017-05-09,Standard,Desktop
579,Jarret Carles,47,Male,Florida,2021-08-17,Premium,Desktop
580,Pepi Prynne,29,Female,Alabama,2018-10-01,Basic,Desktop
581,Pippy O'Nolan,21,Female,Michigan,2017-11-04,Basic,Tablet
582,Lulu Neilson,33,Female,Washington,2021-01-29,Basic,Tablet
583,Madelin Meconi,35,Female,Kansas,2022-11-08,Standard,Smartphone
584,Friederike Leeke,41,Female,Alabama,2021-09-06,Basic,Laptop
585,Orelee Liddle,54,Female,Virginia,2018-12-02,Standard,Laptop
586,Carola Cone,44,Female,Louisiana,2022-05-15,Premium,Laptop
587,Jessey Signori,55,Male,Utah,2021-02-05,Standard,Smartphone
588,Hillyer Cogswell,32,Male,Florida,2022-06-12,Premium,Laptop
589,Asia Bilfoot,28,Female,Missouri,2022-08-09,Basic,Laptop
590,Cherida Kliment,27,Female,New York,2020-03-07,Standard,Desktop
591,Sandra Damiata,56,Female,Mississippi,2019-11-26,Standard,Tablet
592,Billie Houlton,50,Male,Texas,2019-04-27,Premium,Desktop
593,Quintus Hyndley,24,Male,New York,2018-01-29,Standard,Tablet
594,Stu Allman,55,Male,Virginia,2021-02-23,Premium,Smartphone
595,Phyllida MacCahey,49,Female,Ohio,2023-02-22,Premium,Desktop
596,Tudor Adamides,51,Male,Texas,2022-05-02,Basic,Desktop
597,Melanie McNeachtain,18,Female,California,2021-09-25,Standard,Smartphone
598,Roldan Scogin,49,Male,Arizona,2023-01-17,Premium,Tablet
599,Correy Hyams,54,Female,South Carolina,2019-04-15,Premium,Laptop
600,Antoinette Male,49,Female,Tennessee,2022-03-21,Premium,Desktop
601,Marcela Elder,18,Female,Connecticut,2017-10-18,Basic,Tablet
602,Pearla Rallinshaw,24,Female,Tennessee,2022-01-22,Basic,Laptop
603,Dorelle Giacubbo,23,Female,North Carolina,2021-04-17,Standard,Laptop
604,Dorie Bloschke,47,Female,Pennsylvania,2017-04-14,Basic,Desktop
605,Wynne Illesley,27,Female,Washington,2019-12-21,Basic,Laptop
606,Cordie Ivanyushkin,46,Female,Massachusetts,2021-01-17,Standard,Smartphone
607,Vivyan de'-Ancy Willis,42,Female,Illinois,2020-01-04,Premium,Tablet
608,Pembroke Burnhard,43,Male,Florida,2020-05-23,Standard,Laptop
609,Arlie Olyonov,34,Female,Florida,2019-02-02,Premium,Laptop
610,Gothart Rubinchik,59,Male,Arizona,2018-10-01,Premium,Laptop
611,Jeanie Breedy,60,Female,Indiana,2020-09-22,Standard,Tablet
612,Ford Cleveley,42,Male,Texas,2018-05-05,Basic,Tablet
613,Ermanno Rowlin,29,Male,Utah,2023-01-16,Premium,Laptop
614,Cori By,34,Male,Florida,2022-10-12,Basic,Desktop
615,Dwight Stitle,18,Male,Michigan,2021-08-25,Standard,Tablet
616,Leroy Budcock,53,Male,Nebraska,2021-04-27,Basic,Smartphone
617,Rosco Holligan,33,Male,Michigan,2021-10-23,Standard,Laptop
618,Findley Swaffer,51,Male,Indiana,2022-10-10,Premium,Smartphone
619,Redford Lissenden,43,Male,Georgia,2019-06-04,Premium,Desktop
620,Titos Shutle,55,Male,Nevada,2017-05-16,Premium,Smartphone
621,Dari Creyke,19,Female,Pennsylvania,2022-01-01,Basic,Desktop
622,Kirby Olford,43,Male,Massachusetts,2021-02-06,Standard,Tablet
623,Timofei Ibel,56,Male,New York,2020-02-12,Premium,Smartphone
624,Penni Kerridge,45,Female,Florida,2019-05-21,Basic,Smartphone
625,Tiphanie Scase,55,Female,Texas,2021-05-07,Premium,Laptop
626,Wesley Andrejevic,18,Male,Kansas,2020-11-23,Basic,Smartphone
627,Carlynne Bateup,58,Female,Oregon,2022-08-04,Basic,Laptop
628,Dionis Goldsmith,58,Female,Colorado,2022-06-03,Basic,Laptop
629,Myriam Warren,32,Female,New York,2018-06-07,Premium,Laptop
630,Tremaine Rogier,49,Male,Massachusetts,2022-03-18,Basic,Desktop
631,Edi Woollhead,29,Female,Nebraska,2021-10-11,Premium,Laptop
632,Nat Keith,32,Male,Oklahoma,2022-10-31,Basic,Tablet
633,Natassia Tiner,21,Female,Virginia,2022-01-05,Standard,Tablet
634,Karin Barclay,32,Female,California,2021-10-01,Basic,Tablet
635,Adelina Gonthard,43,Female,Missouri,2022-03-11,Premium,Desktop
636,Easter Colleer,48,Female,Colorado,2022-11-06,Premium,Desktop
637,Britteny Ixor,58,Female,Florida,2020-11-03,Standard,Desktop
638,Terrence Dinan,29,Male,Ohio,2017-02-16,Basic,Tablet
639,Francis Nials,59,Male,Rhode Island,2021-12-22,Standard,Tablet
640,Inesita Okenden,60,Female,Washington,2018-01-17,Standard,Smartphone
641,Clara Ilson,49,Female,Oklahoma,2019-03-23,Basic,Desktop
642,Emmalynn Grono,53,Female,California,2021-03-12,Premium,Desktop
643,Palm Rouff,52,Male,Minnesota,2017-08-29,Basic,Smartphone
644,Radcliffe Dunkerton,31,Male,Pennsylvania,2018-10-10,Basic,Tablet
645,Fayina Bannester,35,Female,Washington,2017-07-23,Basic,Smartphone
646,Minne Wickliffe,24,Female,Texas,2018-09-05,Basic,Tablet
647,Mayer Chretien,45,Male,Texas,2017-08-08,Premium,Tablet
648,Bar Haskur,49,Male,Arizona,2019-06-30,Basic,Laptop
649,Geri Blyde,45,Female,Michigan,2022-07-06,Premium,Laptop
650,Christian Wetherald,46,Male,Kansas,2018-10-19,Premium,Tablet
651,Nari Hainge,51,Female,Ohio,2019-08-10,Basic,Desktop
652,Matthiew Chidley,36,Male,Oklahoma,2018-01-07,Premium,Laptop
653,Shelton Elnaugh,30,Male,Ohio,2020-11-25,Standard,Tablet
654,Guntar Cecchi,44,Male,Florida,2020-03-07,Premium,Smartphone
655,Hal Gernier,54,Male,Texas,2017-09-04,Premium,Tablet
656,Dyna Adderson,53,Female,Pennsylvania,2017-06-10,Standard,Tablet
657,Rollin McGiffie,55,Male,Texas,2022-06-04,Premium,Laptop
658,Carey Mapholm,36,Male,California,2017-07-16,Standard,Tablet
659,Lynette Berling,50,Female,West Virginia,2022-06-19,Basic,Tablet
660,Margarette Davidovicz,35,Female,Nevada,2018-02-10,Standard,Laptop
661,Cathie Eyers,21,Female,Texas,2019-07-09,Premium,Laptop
662,Fernandina Archanbault,44,Female,Pennsylvania,2018-10-06,Standard,Desktop
663,Ferne McCaskill,27,Female,North Carolina,2020-08-17,Premium,Tablet
664,Morly Daspar,32,Male,Michigan,2018-12-04,Standard,Smartphone
665,Sacha O'Roan,23,Female,Florida,2022-02-14,Standard,Smartphone
666,Vladamir Maskew,45,Male,Texas,2018-06-02,Premium,Laptop
667,Norene Sergant,39,Female,Delaware,2018-08-27,Premium,Tablet
668,Helena Mills,24,Female,Colorado,2019-11-01,Standard,Desktop
669,Sofie MacPadene,45,Female,Texas,2020-01-09,Standard,Smartphone
670,Zea Tenney,29,Female,New Jersey,2022-05-20,Premium,Desktop
671,Anstice Davy,55,Female,New York,2018-12-05,Standard,Desktop
672,Vivia Mordin,28,Female,Ohio,2018-04-09,Premium,Smartphone
673,Moise Bletcher,35,Male,Virginia,2020-11-02,Premium,Smartphone
674,Gaby Tingle,54,Female,Florida,2021-11-22,Premium,Laptop
675,Sabine Scullin,53,Female,Colorado,2023-02-03,Basic,Smartphone
676,Ardra Rubinowitz,53,Female,California,2018-03-18,Basic,Desktop
677,Selestina Markwick,28,Female,Connecticut,2021-11-14,Basic,Laptop
678,Reginald Pritchett,43,Male,Illinois,2021-12-26,Premium,Desktop
679,Clemens Stovine,39,Male,Maryland,2022-09-06,Standard,Laptop
680,Anatole Simmon,34,Male,Alabama,2020-11-22,Premium,Desktop
681,Merv Giacomini,39,Male,Arkansas,2022-10-23,Basic,Tablet
682,Michaeline Zuppa,20,Female,Maryland,2021-11-12,Standard,Desktop
683,Darbie Cowterd,33,Female,Alabama,2023-01-22,Premium,Desktop
684,Felicdad Manthorpe,32,Female,Idaho,2020-11-12,Standard,Laptop
685,Karyn Siddons,32,Female,California,2019-01-31,Premium,Laptop
686,Lebbie Cleeton,45,Female,Arizona,2019-06-09,Basic,Desktop
687,Gussi Crowne,21,Female,Florida,2021-12-30,Basic,Desktop
688,Zahara Onions,20,Female,Texas,2021-03-10,Premium,Tablet
689,Terrijo Winpenny,51,Female,Wisconsin,2017-10-15,Standard,Laptop
690,Kerby Killough,55,Male,Oregon,2019-06-17,Standard,Desktop
691,Ulrikaumeko Sherrocks,24,Female,Illinois,2020-05-17,Basic,Laptop
692,Holly Mansfield,29,Female,New Mexico,2019-06-16,Premium,Tablet
693,Chastity Margett,51,Female,Nevada,2021-07-02,Premium,Smartphone
694,Godiva Mowday,40,Female,Texas,2019-01-29,Standard,Desktop
695,Brigit Entres,39,Female,California,2019-12-14,Standard,Laptop
696,Gerrard Schenkel,44,Male,Arkansas,2019-10-06,Premium,Tablet
697,Elsbeth Ollcott,35,Female,Montana,2020-07-25,Premium,Desktop
698,Hamish Schops,52,Male,Massachusetts,2020-08-07,Standard,Laptop
699,Spencer Baack,47,Male,Nebraska,2020-10-07,Standard,Tablet
700,Betsy Silbermann,51,Female,Alabama,2017-09-25,Premium,Tablet
701,Paquito Loadwick,40,Male,New York,2018-08-06,Basic,Laptop
702,Temp Brayfield,31,Male,New Jersey,2017-07-10,Standard,Smartphone
703,Renate Haughan,52,Female,Tennessee,2022-03-24,Basic,Laptop
704,Essy Infantino,40,Female,Minnesota,2021-07-17,Standard,Laptop
705,Pierette O' Donohue,60,Female,Washington,2021-08-01,Premium,Desktop
706,Billye Brinsden,30,Female,California,2023-02-08,Standard,Laptop
707,Lurleen Linthead,37,Female,California,2018-07-06,Basic,Tablet
708,Clem Lunt,40,Male,California,2018-07-02,Basic,Laptop
709,Deina Grimmett,19,Female,Virginia,2019-07-24,Standard,Laptop
710,Michele Gartenfeld,52,Male,California,2017-09-02,Standard,Desktop
711,Cesare Wakes,43,Male,Georgia,2021-08-11,Premium,Tablet
712,Palmer Fantham,31,Male,West Virginia,2017-08-21,Basic,Laptop
713,Efren Greenset,54,Male,Colorado,2021-10-17,Standard,Tablet
714,Cortie Bettenay,32,Male,California,2017-07-17,Premium,Laptop
715,Judye Ashton,55,Female,Minnesota,2023-02-17,Standard,Desktop
716,Iorgos Jaye,59,Male,Massachusetts,2019-04-08,Standard,Tablet
717,Garik Zipsell,39,Male,Texas,2018-07-19,Basic,Desktop
718,Garnet Shugg,54,Female,Oregon,2017-07-01,Premium,Laptop
719,Marilee Airy,37,Female,Florida,2020-07-24,Premium,Tablet
720,Erroll Matysiak,38,Male,Texas,2019-03-01,Basic,Desktop
721,Gal Towne,56,Male,New York,2022-11-17,Basic,Laptop
722,Oona Gravett,30,Female,Virginia,2017-03-14,Standard,Smartphone
723,Diarmid Piscot,56,Male,Virginia,2022-04-23,Premium,Desktop
724,Kristoforo Gorriessen,31,Male,Florida,2018-09-28,Standard,Smartphone
725,Delia Van't Hoff,28,Female,Indiana,2021-02-18,Standard,Desktop
726,Saraann Francesch,19,Female,Ohio,2022-07-24,Standard,Smartphone
727,Stanfield Matysik,29,Male,Colorado,2022-03-23,Premium,Smartphone
728,Orlando Yoskowitz,18,Male,Florida,2022-02-22,Premium,Tablet
729,Christoforo Boden,20,Male,Connecticut,2018-03-04,Basic,Tablet
730,Darrell Benson,48,Male,Kansas,2020-04-29,Standard,Desktop
731,Valentine Vettore,52,Male,Washington,2021-10-07,Standard,Laptop
732,Carmel Austin,45,Female,California,2020-06-18,Premium,Laptop
733,Jonah Sabey,26,Male,Washington,2019-05-26,Premium,Laptop
734,Bunni Easter,23,Female,Illinois,2021-03-27,Premium,Tablet
735,Elana Presslie,48,Female,California,2017-07-02,Basic,Tablet
736,Dewey Barthrop,41,Male,Indiana,2022-02-28,Standard,Tablet
737,Raimundo Fewlass,22,Male,Idaho,2018-05-11,Basic,Laptop
738,Reinaldo Latta,48,Male,Alabama,2017-05-08,Standard,Smartphone
739,Yul Lardner,52,Male,California,2021-05-02,Premium,Smartphone
740,Frank Camplejohn,59,Female,Ohio,2020-12-23,Basic,Tablet
741,Teresina Castelluzzi,40,Female,Texas,2023-03-04,Premium,Smartphone
742,Mickey Lapree,39,Male,Hawaii,2020-10-25,Premium,Tablet
743,Elvin Liepins,34,Male,Florida,2019-02-19,Standard,Laptop
744,Ferdie Standidge,34,Male,Connecticut,2018-09-02,Basic,Tablet
745,Abby Lucey,54,Male,North Dakota,2019-01-10,Standard,Laptop
746,Giulietta Hackin,39,Female,Kentucky,2018-03-29,Standard,Smartphone
747,Phil Leask,35,Female,District of Columbia,2017-10-21,Premium,Smartphone
748,Floyd Barenskie,31,Male,Ohio,2021-04-26,Standard,Laptop
749,Hermina Pomery,50,Female,Tennessee,2022-05-25,Premium,Laptop
750,Brigit Matiebe,59,Female,Idaho,2017-10-06,Premium,Laptop
751,Nickey Northover,23,Male,California,2019-07-31,Standard,Desktop
752,Gayelord Pogosian,53,Male,New York,2021-08-15,Basic,Laptop
753,Margarete Mortimer,49,Female,Colorado,2023-02-15,Basic,Smartphone
754,Marlon Crowthe,32,Male,California,2018-10-13,Premium,Smartphone
755,Gunar Rawstorn,18,Male,Florida,2020-07-08,Basic,Laptop
756,Dieter Nicely,42,Male,California,2022-12-27,Basic,Tablet
757,Mortie Paten,26,Male,North Dakota,2021-02-24,Basic,Smartphone
758,Linn Unger,19,Male,Ohio,2020-04-08,Standard,Tablet
759,Cinderella Minmagh,54,Female,New York,2020-01-17,Basic,Tablet
760,Lion Faucherand,23,Male,Nevada,2018-02-01,Standard,Smartphone
761,Jeniffer Thexton,31,Female,Kentucky,2019-03-04,Standard,Desktop
762,Paolina Philo,21,Female,Washington,2017-07-03,Standard,Tablet
763,Bronnie Eckersley,19,Male,Indiana,2020-09-29,Basic,Tablet
764,Annabella Smaile,18,Female,Illinois,2019-06-24,Premium,Smartphone
765,Morten Margett,54,Male,New Jersey,2020-01-03,Basic,Desktop
766,Margaretha Easton,26,Female,Louisiana,2021-08-07,Premium,Tablet
767,Alleyn Warsap,48,Male,Michigan,2017-03-09,Premium,Tablet
768,Prescott Gouldthorp,23,Male,Ohio,2018-10-10,Basic,Tablet
769,Marla Winckle,33,Female,District of Columbia,2019-04-15,Basic,Desktop
770,Adriano Piesold,35,Male,Mississippi,2020-12-29,Basic,Desktop
771,Bradney Grubey,41,Male,California,2018-10-14,Basic,Laptop
772,Somerset Vina,60,Male,Florida,2020-07-05,Standard,Laptop
773,Corey Philipeau,42,Male,Texas,2020-11-21,Basic,Laptop
774,Elnora McClay,34,Female,South Dakota,2017-08-12,Basic,Desktop
775,Megen Winkle,47,Female,California,2020-10-25,Standard,Smartphone
776,Terrie Jakoviljevic,46,Female,Mississippi,2022-07-23,Basic,Tablet
777,Edan Basden,36,Male,Texas,2018-03-09,Premium,Tablet
778,Alphonso Brech,20,Male,Texas,2020-05-29,Premium,Desktop
779,Carlita Weedenburg,37,Female,Florida,2022-09-16,Premium,Laptop
780,Alasteir Twinbourne,30,Male,California,2020-02-07,Premium,Smartphone
781,Lemar Varne,41,Male,Missouri,2020-07-18,Standard,Desktop
782,Tally Duncan,25,Male,Kansas,2018-01-04,Standard,Laptop
783,Keslie Cawsey,35,Female,District of Columbia,2021-01-17,Premium,Tablet
784,Tully Tembey,34,Male,Kansas,2021-02-17,Standard,Smartphone
785,Ilyssa Sleight,50,Female,California,2022-03-29,Premium,Desktop
786,Giustina Treherne,45,Female,Florida,2017-08-21,Standard,Laptop
787,Burl Naptine,24,Male,California,2020-07-10,Premium,Desktop
788,Thadeus Goring,50,Male,Georgia,2022-04-04,Basic,Desktop
789,Cherey Plumptre,32,Female,Louisiana,2020-04-18,Premium,Desktop
790,Yanaton Sackler,39,Male,Pennsylvania,2018-08-10,Premium,Desktop
791,Bank Le Marquand,31,Male,Michigan,2018-05-01,Standard,Laptop
792,Theresina Vicker,36,Female,California,2021-08-23,Standard,Tablet
793,Reine Vollam,53,Female,Maryland,2022-09-12,Standard,Desktop
794,Randell Grimstead,40,Male,Utah,2017-02-06,Premium,Smartphone
795,Carlyn Cottam,36,Female,Minnesota,2018-03-21,Premium,Tablet
796,Ethelda Delagnes,54,Female,Alabama,2018-05-26,Basic,Tablet
797,Welch Artois,21,Male,Florida,2017-08-25,Basic,Smartphone
798,Dillon Varker,47,Male,Florida,2020-03-18,Standard,Smartphone
799,Iosep Estick,44,Male,Arizona,2019-07-25,Basic,Smartphone
800,D'arcy Gomez,41,Male,California,2019-04-12,Standard,Smartphone
801,Sander Lantuff,22,Male,California,2020-12-27,Standard,Desktop
802,Michale Caddie,40,Male,Ohio,2022-08-12,Standard,Laptop
803,Vlad Lusted,41,Male,South Carolina,2022-08-23,Standard,Smartphone
804,Reid Consterdine,44,Male,Georgia,2022-09-15,Standard,Tablet
805,Toma Quoit,26,Female,Texas,2021-04-17,Standard,Desktop
806,Piper Roderick,42,Female,California,2021-01-04,Basic,Tablet
807,Odilia Thorby,48,Female,Louisiana,2018-12-27,Standard,Smartphone
808,Nefen Arundale,36,Male,Texas,2018-05-16,Premium,Smartphone
809,Bea Tomas,26,Female,Connecticut,2020-06-13,Premium,Desktop
810,Marty Bosquet,25,Male,Kentucky,2023-01-16,Premium,Laptop
811,Flor Got,20,Female,Ohio,2018-09-03,Premium,Desktop
812,Orly Barson,38,Female,Oklahoma,2019-05-18,Premium,Smartphone
813,Anni Jackett,32,Female,Alaska,2020-07-17,Premium,Laptop
814,Jerome Redhead,41,Male,California,2022-07-14,Premium,Smartphone
815,Tymothy Troughton,41,Male,California,2019-07-19,Standard,Laptop
816,Holmes Ciciari,59,Male,North Carolina,2018-11-25,Premium,Desktop
817,Myrvyn Tiptaft,60,Male,California,2019-12-16,Basic,Smartphone
818,Robbie McHale,36,Male,Texas,2021-07-26,Premium,Desktop
819,Xylia Pullar,54,Female,West Virginia,2022-05-23,Standard,Laptop
820,Nevin Fox,50,Male,Ohio,2018-07-12,Standard,Tablet
821,Kingsly Brammar,24,Male,Nebraska,2020-06-08,Standard,Laptop
822,Nikolaus Manuel,52,Male,Nebraska,2017-11-13,Premium,Desktop
823,Ev Laydon,40,Male,Connecticut,2017-12-29,Premium,Laptop
824,Windy Kording,23,Female,Texas,2019-07-17,Premium,Desktop
825,Cammi Topp,30,Female,Massachusetts,2021-12-23,Standard,Smartphone
826,Danya Slack,46,Male,Florida,2019-03-20,Premium,Desktop
827,Oswell Essberger,23,Male,New York,2020-01-18,Standard,Tablet
828,Roz Praill,28,Female,Ohio,2019-06-10,Basic,Tablet
829,Noella Pendlebery,37,Female,New York,2022-03-10,Basic,Smartphone
830,Colline Stabler,39,Female,California,2018-01-10,Basic,Laptop
831,Meryl Lavielle,25,Female,Indiana,2023-03-10,Basic,Desktop
832,Tamra Eyrl,43,Female,Pennsylvania,2019-07-19,Premium,Laptop
833,Celinka Beasley,53,Female,Texas,2020-12-14,Basic,Smartphone
834,Hugibert Gittoes,56,Male,Texas,2021-05-08,Premium,Tablet
835,Nathalie Plumridege,20,Female,Oregon,2018-10-16,Basic,Laptop
836,Wandis Rolfo,54,Female,Ohio,2018-03-10,Basic,Desktop
837,Vale Rumens,37,Male,Utah,2020-02-28,Standard,Smartphone
838,Red Birks,46,Male,Texas,2023-02-06,Basic,Smartphone
839,Hamilton Curr,37,Male,New Mexico,2022-02-08,Standard,Desktop
840,Gardner Lacasa,47,Male,Alabama,2017-09-07,Premium,Laptop
841,Pete Presnail,38,Male,Virginia,2019-03-16,Premium,Laptop
842,Minne Crossan,41,Female,Missouri,2018-08-06,Premium,Tablet
843,Trina Dymoke,36,Female,Idaho,2018-04-21,Basic,Tablet
844,Udale MacGeaney,28,Male,New York,2020-08-19,Standard,Tablet
845,Vladimir Dulinty,55,Male,California,2017-09-22,Premium,Tablet
846,Martina Satford,37,Female,North Dakota,2020-08-16,Basic,Laptop
847,Minne Fidgeon,45,Female,New York,2021-01-10,Standard,Desktop
848,Gregg Oakly,22,Male,Washington,2021-02-23,Premium,Tablet
849,Nathalie Lisle,55,Female,Georgia,2017-06-13,Basic,Smartphone
850,Ophelie Antonognoli,37,Female,New York,2018-09-11,Standard,Smartphone
851,Odele Tincey,34,Female,Oklahoma,2019-07-22,Standard,Laptop
852,Gwendolen Mignot,58,Female,Virginia,2018-11-25,Premium,Desktop
853,Sabine Everett,42,Female,Texas,2017-08-02,Premium,Desktop
854,Rivi Wonfar,55,Female,Indiana,2020-02-28,Basic,Desktop
855,Sal Woods,25,Male,Alabama,2019-11-29,Standard,Laptop
856,Gussy Makepeace,53,Female,Pennsylvania,2019-02-06,Standard,Tablet
857,Kasey Kinahan,41,Female,New York,2022-11-30,Basic,Desktop
858,Reube Ikringill,22,Male,Florida,2021-01-09,Standard,Desktop
859,Rubin Clever,60,Male,Oregon,2021-09-19,Premium,Smartphone
860,Jannel Crichley,53,Female,Alabama,2021-09-14,Standard,Laptop
861,Consuela Hebbs,43,Female,Florida,2018-04-16,Standard,Smartphone
862,Legra Cawse,35,Female,New York,2019-07-30,Premium,Tablet
863,Ailbert Bembridge,27,Male,New York,2022-07-09,Premium,Tablet
864,Ailbert Stratford,50,Male,Texas,2017-11-12,Premium,Tablet
865,Sigismundo Ebhardt,52,Male,Texas,2022-09-26,Standard,Desktop
866,Lissie Lantiffe,21,Female,Michigan,2017-11-08,Premium,Desktop
867,Kitty Bly,39,Female,Texas,2017-06-03,Premium,Desktop
868,Nessi Swatman,25,Female,Connecticut,2021-07-05,Standard,Tablet
869,Pearce Riddell,51,Male,California,2018-01-13,Standard,Laptop
870,Fredi Dutnell,32,Female,Hawaii,2021-09-17,Standard,Smartphone
871,Erie Givens,28,Male,Texas,2022-10-05,Premium,Laptop
872,Tawnya Glasscott,58,Female,Connecticut,2018-04-18,Basic,Tablet
873,Magdaia Burnel,56,Female,Georgia,2022-02-22,Standard,Tablet
874,Rochette Matissoff,45,Female,Florida,2019-06-12,Basic,Desktop
875,Deni Hedan,35,Female,California,2020-08-20,Standard,Desktop
876,Mort Milverton,36,Male,California,2022-04-11,Premium,Desktop
877,Tedmund Borman,33,Male,Texas,2022-03-08,Premium,Desktop
878,Baron Tidy,23,Male,New York,2019-08-03,Standard,Laptop
879,Yale Reddan,59,Male,District of Columbia,2022-03-18,Premium,Tablet
880,Valentino Perchard,18,Male,South Carolina,2020-10-20,Premium,Smartphone
881,Regen Bulfoy,47,Male,Georgia,2019-08-20,Premium,Laptop
882,Towny Southward,29,Male,Illinois,2020-06-23,Premium,Laptop
883,Christie Simnell,20,Female,Kentucky,2018-07-01,Standard,Smartphone
884,Rebeca Hartshorn,50,Female,North Carolina,2019-01-16,Basic,Tablet
885,Malorie Howson,49,Female,Minnesota,2019-10-19,Standard,Tablet
886,Alanson Glenwright,44,Male,Arizona,2021-03-17,Premium,Laptop
887,Nedi Olyonov,23,Female,California,2022-08-31,Basic,Desktop
888,Ezra Ofen,48,Male,Florida,2018-10-13,Basic,Tablet
889,Cristie Wellbeloved,53,Female,Florida,2023-01-26,Standard,Laptop
890,Rodi Scarce,23,Female,Oklahoma,2022-11-19,Standard,Desktop
891,Susann Hurnell,54,Female,Virginia,2022-03-09,Basic,Laptop
892,Nonna Fessier,52,Female,West Virginia,2019-10-26,Premium,Smartphone
893,Susana Basterfield,36,Female,Florida,2018-08-19,Standard,Smartphone
894,Dalton Dainter,54,Male,Texas,2019-11-12,Basic,Tablet
895,Noemi Bautiste,18,Female,Alabama,2017-07-16,Basic,Smartphone
896,Sonya Ferne,29,Female,Georgia,2019-06-02,Basic,Smartphone
897,Elonore Colenutt,58,Female,Alaska,2018-12-13,Basic,Desktop
898,Gui Gittose,37,Female,Michigan,2022-04-10,Premium,Smartphone
899,Parnell Melesk,19,Male,Wisconsin,2018-09-13,Standard,Desktop
900,Jillian Rosenthaler,28,Female,Michigan,2022-06-18,Premium,Desktop
901,Ralina Bickerstaff,57,Female,Oklahoma,2021-12-29,Premium,Tablet
902,Ralina Greensite,53,Female,West Virginia,2019-03-31,Basic,Desktop
903,Euell Drable,60,Male,California,2019-10-01,Premium,Smartphone
904,Gardy Lethcoe,56,Male,California,2018-03-09,Basic,Desktop
905,Clarette Michurin,59,Female,New Jersey,2019-08-22,Basic,Desktop
906,Bethena Sleightholme,41,Female,Texas,2019-01-18,Basic,Laptop
907,Gradeigh Davidovicz,40,Male,Kentucky,2020-10-27,Basic,Smartphone
908,Creighton Helks,26,Male,Hawaii,2017-03-15,Basic,Laptop
909,Nolly Huxley,35,Male,Oregon,2018-07-25,Standard,Tablet
910,Cindy Riggott,50,Female,Florida,2019-02-19,Premium,Tablet
911,Antonius McAuliffe,46,Male,Minnesota,2018-09-05,Basic,Laptop
912,Carrol Okenfold,38,Male,Georgia,2022-10-01,Standard,Tablet
913,Dex Weinham,47,Male,Virginia,2018-05-16,Premium,Smartphone
914,Aldin Niblett,25,Male,District of Columbia,2019-04-10,Standard,Laptop
915,Devonne Jeffryes,36,Female,Florida,2020-01-14,Premium,Laptop
916,Adara Sanbrook,33,Female,North Dakota,2019-05-24,Standard,Tablet
917,Reggis Linkie,46,Male,Massachusetts,2018-05-06,Premium,Smartphone
918,Vernen Euler,42,Male,Florida,2020-07-24,Premium,Smartphone
919,Kerrie Howlings,24,Female,Louisiana,2019-02-08,Standard,Tablet
920,Kathe Mawtus,28,Female,Minnesota,2022-02-10,Basic,Smartphone
921,Florance Samson,59,Female,Alabama,2017-07-24,Premium,Tablet
922,Vally Blethyn,42,Female,Louisiana,2021-03-12,Basic,Laptop
923,Petunia Saura,50,Female,Texas,2023-01-16,Premium,Desktop
924,Marmaduke Behrendsen,46,Male,Oklahoma,2018-05-27,Basic,Tablet
925,Gran Chiese,31,Male,District of Columbia,2022-10-27,Premium,Smartphone
926,Steffi McCalum,58,Female,Texas,2018-05-13,Standard,Laptop
927,Karoly Allgood,21,Female,Texas,2022-09-11,Premium,Tablet
928,Starlene Gorch,44,Female,New Hampshire,2017-09-13,Standard,Tablet
929,Tabbi Bayliss,31,Female,Maryland,2019-05-06,Premium,Smartphone
930,Stephine Blondell,48,Female,New York,2021-01-06,Standard,Laptop
931,Raddie Adshed,30,Male,California,2020-04-13,Basic,Laptop
932,Iain Froggatt,49,Male,Virginia,2019-11-08,Basic,Tablet
933,Berti Deinert,42,Female,Washington,2018-10-04,Standard,Laptop
934,Pete Martinuzzi,46,Male,Alabama,2019-12-10,Basic,Tablet
935,Doralynn Fabri,34,Female,Iowa,2019-10-14,Premium,Smartphone
936,Lemar McGlade,39,Male,California,2023-01-03,Standard,Desktop
937,Loria Speeks,39,Female,Michigan,2019-09-30,Basic,Desktop
938,Neron Ivanichev,54,Male,Louisiana,2018-08-30,Premium,Desktop
939,Bastien Lipgens,46,Male,Texas,2017-11-11,Basic,Laptop
940,Thorin Wallbutton,33,Male,Iowa,2017-10-24,Basic,Tablet
941,Shelba Bagshaw,27,Female,Florida,2022-10-20,Premium,Tablet
942,Dee McCarly,39,Female,Louisiana,2021-02-25,Standard,Tablet
943,Clemens Bradder,23,Male,Illinois,2018-11-13,Premium,Tablet
944,Carlota Cheine,23,Female,Missouri,2022-01-09,Standard,Tablet
945,Henrie Beelby,42,Female,West Virginia,2022-03-26,Standard,Desktop
946,Jessamine Runham,52,Female,Arkansas,2018-02-16,Standard,Laptop
947,Giorgio Holborn,58,Male,Michigan,2019-03-31,Standard,Tablet
948,Camile Ivey,21,Female,New York,2017-08-01,Premium,Tablet
949,Candide Jaram,38,Female,Utah,2019-01-13,Basic,Desktop
950,Mead Ouldred,29,Female,California,2021-10-21,Standard,Laptop
951,Reinaldo Farbrother,44,Male,Massachusetts,2022-01-22,Standard,Laptop
952,Netty Thatcher,23,Female,California,2019-07-12,Standard,Desktop
953,Karine Oluwatoyin,24,Female,Florida,2021-12-28,Premium,Smartphone
954,Jackquelin Coleyshaw,38,Female,Texas,2021-04-12,Standard,Smartphone
955,Kale Dyter,20,Male,Texas,2019-08-20,Premium,Desktop
956,Jada Lovatt,25,Female,Idaho,2019-02-19,Premium,Desktop
957,Cary MacKartan,33,Male,New York,2021-03-16,Premium,Smartphone
958,Jarret Laxen,57,Male,Oklahoma,2021-12-20,Premium,Desktop
959,Jamison Sheer,21,Male,Missouri,2020-08-09,Standard,Tablet
960,Sonnie Mandrey,48,Male,Virginia,2017-10-20,Premium,Desktop
961,Chip Olivie,21,Male,Florida,2020-09-20,Standard,Desktop
962,Adoree Axcell,39,Female,Illinois,2017-02-05,Basic,Desktop
963,Marga Linster,23,Female,Oklahoma,2019-03-24,Premium,Smartphone
964,Decca Oxton,60,Male,Minnesota,2020-09-05,Premium,Tablet
965,Nicol Spearman,54,Male,Georgia,2017-08-29,Standard,Smartphone
966,Ginger Vance,40,Female,New York,2017-02-28,Basic,Tablet
967,Audry Sulland,19,Female,Indiana,2021-03-20,Basic,Smartphone
968,Trip Roycroft,57,Male,New Mexico,2018-02-25,Basic,Tablet
969,Lola Inch,39,Female,Colorado,2021-10-22,Premium,Smartphone
970,Guillaume Sneller,45,Male,Florida,2017-08-17,Standard,Smartphone
971,Derwin Kraut,18,Male,Texas,2022-04-09,Standard,Tablet
972,Consalve Hoogendorp,21,Male,Georgia,2022-12-30,Standard,Smartphone
973,Salim Ferrari,32,Male,Ohio,2022-06-14,Basic,Laptop
974,Kikelia Overnell,43,Female,Pennsylvania,2017-07-02,Premium,Laptop
975,Frederic Newstead,37,Male,New York,2021-11-30,Standard,Tablet
976,Corney Blasik,45,Male,Kentucky,2021-07-03,Standard,Smartphone
977,Alec Solly,45,Male,Washington,2021-06-24,Standard,Smartphone
978,Brittani Rentoll,20,Female,California,2017-12-07,Basic,Laptop
979,Huntington Heskey,26,Male,California,2018-01-06,Basic,Smartphone
980,Nicholas Conigsby,47,Male,New York,2017-11-16,Basic,Laptop
981,Daune Fardell,59,Female,Texas,2018-12-20,Basic,Smartphone
982,Matthew Gilhouley,36,Male,Texas,2020-07-01,Premium,Laptop
983,Gracie Vignal,46,Female,Maryland,2021-03-27,Basic,Desktop
984,Chery Yarr,25,Female,Virginia,2020-05-20,Standard,Tablet
985,Alessandro Anslow,47,Male,Michigan,2020-08-08,Standard,Desktop
986,Manuel Doog,49,Male,New York,2021-09-08,Premium,Desktop
987,Giovanni Acum,18,Male,Delaware,2021-11-24,Basic,Tablet
988,Tobie Gaule,32,Male,Texas,2019-10-26,Basic,Tablet
989,Vitoria Torfin,19,Female,Arizona,2019-10-16,Premium,Tablet
990,Ester Jenicek,49,Female,Louisiana,2019-01-04,Standard,Tablet
991,Patty Lowthorpe,40,Male,Tennessee,2020-02-14,Basic,Laptop
992,Land Deakan,53,Male,Wisconsin,2020-03-08,Basic,Tablet
993,Filmer Havick,27,Male,Kentucky,2019-07-25,Premium,Smartphone
994,Miquela Giscken,22,Female,Ohio,2022-06-28,Basic,Smartphone
995,Marylee Maudlen,23,Female,New Jersey,2020-05-26,Basic,Desktop
996,Juliana Ferrarello,59,Female,Florida,2017-04-30,Standard,Desktop
997,Zachery Blaske,20,Male,Kentucky,2020-10-15,Standard,Tablet
998,Rhonda Lockie,18,Female,Tennessee,2017-03-16,Basic,Smartphone
999,Marlo Tatlock,52,Female,California,2017-11-12,Premium,Laptop
1000,Culley Kenney,51,Male,North Carolina,2022-11-11,Basic,Desktop
